cochran_q,df,p_value
0.6153846153846154,2,0.7351414805916845
